{
  "synth_weight": 0.5637340119340334,
  "retrain_every": 6,
  "depth": 8,
  "learning_rate": 0.13233598335957114,
  "iterations": 283,
  "l2_leaf_reg": 8,
  "seed": 13
}