{
  "synth_weight": 0.9075215365829712,
  "retrain_every": 2,
  "depth": 8,
  "learning_rate": 0.07487374845608544,
  "iterations": 445,
  "l2_leaf_reg": 7,
  "seed": 7
}