{
  "synth_weight": 0.5609539044204848,
  "retrain_every": 3,
  "depth": 8,
  "learning_rate": 0.09397967807746387,
  "iterations": 453,
  "l2_leaf_reg": 3,
  "seed": 12
}