{
  "synth_weight": 0.7941592797695227,
  "retrain_every": 4,
  "depth": 8,
  "learning_rate": 0.061793944947411125,
  "iterations": 447,
  "l2_leaf_reg": 9,
  "seed": 13
}