{
  "synth_weight": 0.8400615488877371,
  "retrain_every": 4,
  "depth": 8,
  "learning_rate": 0.00618059586813924,
  "iterations": 252,
  "l2_leaf_reg": 4,
  "seed": 15
}