{
  "synth_weight": 0.5534043675824938,
  "retrain_every": 7,
  "depth": 8,
  "learning_rate": 0.007395414144838069,
  "iterations": 271,
  "l2_leaf_reg": 2,
  "seed": 13
}