{
  "synth_weight": 0.7788715389739354,
  "retrain_every": 2,
  "depth": 8,
  "learning_rate": 0.08922863498870735,
  "iterations": 309,
  "l2_leaf_reg": 4,
  "seed": 4
}