{
  "synth_weight": 0.7363422138168703,
  "retrain_every": 2,
  "depth": 8,
  "learning_rate": 0.004044711790192389,
  "iterations": 335,
  "l2_leaf_reg": 1,
  "seed": 14
}