{
  "synth_weight": 0.977405981721752,
  "retrain_every": 6,
  "depth": 8,
  "learning_rate": 0.13945946057144928,
  "iterations": 379,
  "l2_leaf_reg": 3,
  "seed": 4
}