{
  "synth_weight": 0.7761636927973492,
  "retrain_every": 2,
  "depth": 8,
  "learning_rate": 0.05603708319038515,
  "iterations": 456,
  "l2_leaf_reg": 6,
  "seed": 6
}