{
  "synth_weight": 0.5220545691714743,
  "retrain_every": 3,
  "depth": 8,
  "learning_rate": 0.004093739469527705,
  "iterations": 331,
  "l2_leaf_reg": 2,
  "seed": 2
}