{
  "synth_weight": 0.9382659137968751,
  "retrain_every": 4,
  "depth": 8,
  "learning_rate": 0.005305508035308011,
  "iterations": 328,
  "l2_leaf_reg": 4,
  "seed": 0
}