{
  "synth_weight": 0.701231401270855,
  "retrain_every": 2,
  "depth": 8,
  "learning_rate": 0.015792410891426894,
  "iterations": 152,
  "l2_leaf_reg": 1,
  "seed": 7
}