{
  "synth_weight": 0.8004128970396632,
  "retrain_every": 7,
  "depth": 8,
  "learning_rate": 0.011634834506900253,
  "iterations": 446,
  "l2_leaf_reg": 6,
  "seed": 12
}