{
  "synth_weight": 0.8344074215708327,
  "retrain_every": 3,
  "depth": 8,
  "learning_rate": 0.06061838068341207,
  "iterations": 201,
  "l2_leaf_reg": 8,
  "seed": 10
}