{
  "synth_weight": 0.9271083061493341,
  "retrain_every": 6,
  "depth": 8,
  "learning_rate": 0.04046541772726551,
  "iterations": 322,
  "l2_leaf_reg": 7,
  "seed": 8
}