{
  "synth_weight": 0.9156002201236342,
  "retrain_every": 4,
  "depth": 8,
  "learning_rate": 0.004305815843395655,
  "iterations": 453,
  "l2_leaf_reg": 6,
  "seed": 10
}