{
  "synth_weight": 0.8066324694820897,
  "retrain_every": 2,
  "depth": 8,
  "learning_rate": 0.006295812428459464,
  "iterations": 398,
  "l2_leaf_reg": 8,
  "seed": 9
}