{
  "synth_weight": 0.6725791678680774,
  "retrain_every": 2,
  "depth": 8,
  "learning_rate": 0.008350271516058634,
  "iterations": 386,
  "l2_leaf_reg": 9,
  "seed": 15
}