{
  "synth_weight": 0.8995794681922147,
  "retrain_every": 2,
  "depth": 8,
  "learning_rate": 0.004111787661080405,
  "iterations": 307,
  "l2_leaf_reg": 2,
  "seed": 12
}