{
  "synth_weight": 0.8109198291795944,
  "retrain_every": 1,
  "depth": 7,
  "learning_rate": 0.10278118224157008,
  "iterations": 184,
  "l2_leaf_reg": 2,
  "seed": 0
}