{
  "synth_weight": 0.9279260459977527,
  "retrain_every": 7,
  "depth": 8,
  "learning_rate": 0.00836566889895618,
  "iterations": 346,
  "l2_leaf_reg": 2,
  "seed": 1
}