{
  "synth_weight": 0.5563878583246524,
  "retrain_every": 8,
  "lgb_n_estimators": 953,
  "lgb_lr": 0.030339938898324797,
  "lgb_num_leaves": 16,
  "lgb_min_child_samples": 185,
  "lgb_subsample": 0.9602859416468049,
  "lgb_colsample": 0.6133685710505378,
  "lgb_reg_alpha": 4.097736483917529,
  "lgb_reg_lambda": 1.7174491690392325e-07,
  "seed": 12
}