{
  "synth_weight": 0.7128894047099911,
  "retrain_every": 1,
  "lgb_n_estimators": 1410,
  "lgb_lr": 0.043426000010829705,
  "lgb_num_leaves": 77,
  "lgb_min_child_samples": 32,
  "lgb_subsample": 0.7206200138013069,
  "lgb_colsample": 0.8078218753185945,
  "lgb_reg_alpha": 2.205304830882253e-08,
  "lgb_reg_lambda": 1.593079883642413e-05,
  "seed": 11
}