{
  "synth_weight": 0.99122622883377,
  "retrain_every": 2,
  "lgb_n_estimators": 2167,
  "lgb_lr": 0.024832393852410848,
  "lgb_num_leaves": 169,
  "lgb_min_child_samples": 10,
  "lgb_subsample": 0.6721993657221073,
  "lgb_colsample": 0.9653386713736617,
  "lgb_reg_alpha": 0.0018344428777173258,
  "lgb_reg_lambda": 0.0044090714840345204,
  "seed": 14
}