{
  "synth_weight": 0.5587077445184793,
  "retrain_every": 1,
  "lgb_n_estimators": 839,
  "lgb_lr": 0.016294242263725278,
  "lgb_num_leaves": 27,
  "lgb_min_child_samples": 12,
  "lgb_subsample": 0.8969939748430784,
  "lgb_colsample": 0.8862588293092751,
  "lgb_reg_alpha": 0.0011207579291956703,
  "lgb_reg_lambda": 3.405459357773122e-05,
  "seed": 8
}