{
  "synth_weight": 0.7842202328353112,
  "retrain_every": 1,
  "lgb_n_estimators": 1317,
  "lgb_lr": 0.011866217642952096,
  "lgb_num_leaves": 62,
  "lgb_min_child_samples": 30,
  "lgb_subsample": 0.9330853863082994,
  "lgb_colsample": 0.8087342827466952,
  "lgb_reg_alpha": 2.198933096974371,
  "lgb_reg_lambda": 6.893510777919704e-06,
  "seed": 4
}