{
  "synth_weight": 0.7163880800978006,
  "retrain_every": 9,
  "depth": 7,
  "learning_rate": 0.02527230811701625,
  "iterations": 221,
  "l2_leaf_reg": 7,
  "seed": 15
}