{
  "synth_weight": 0.5342172534590997,
  "retrain_every": 4,
  "depth": 8,
  "learning_rate": 0.003439020116767306,
  "iterations": 459,
  "l2_leaf_reg": 2,
  "seed": 0
}