{
  "synth_weight": 0.6007245970746056,
  "retrain_every": 7,
  "depth": 8,
  "learning_rate": 0.010220151817671889,
  "iterations": 227,
  "l2_leaf_reg": 3,
  "seed": 0
}