{
  "synth_weight": 0.8984265987456524,
  "retrain_every": 9,
  "depth": 8,
  "learning_rate": 0.01387526552429833,
  "iterations": 224,
  "l2_leaf_reg": 8,
  "seed": 3
}