{
  "synth_weight": 0.6022339410095999,
  "retrain_every": 10,
  "depth": 6,
  "learning_rate": 0.024502492135174588,
  "iterations": 220,
  "l2_leaf_reg": 10,
  "seed": 6
}