{
  "synth_weight": 0.997148541734532,
  "retrain_every": 6,
  "depth": 6,
  "learning_rate": 0.00544752442384108,
  "iterations": 406,
  "l2_leaf_reg": 6,
  "seed": 9
}