{
  "synth_weight": 0.5161609406062405,
  "retrain_every": 5,
  "depth": 8,
  "learning_rate": 0.009940230460909921,
  "iterations": 215,
  "l2_leaf_reg": 10,
  "seed": 2
}