{
  "synth_weight": 0.8482331962374913,
  "retrain_every": 2,
  "depth": 8,
  "learning_rate": 0.010084400425821535,
  "iterations": 255,
  "l2_leaf_reg": 5,
  "seed": 13
}