{
  "synth_weight": 0.7270752507331858,
  "retrain_every": 3,
  "depth": 8,
  "learning_rate": 0.006283112321966166,
  "iterations": 304,
  "l2_leaf_reg": 2,
  "seed": 5
}