{
  "synth_weight": 0.8815081895224746,
  "retrain_every": 7,
  "depth": 8,
  "learning_rate": 0.006238677301782623,
  "iterations": 450,
  "l2_leaf_reg": 2,
  "seed": 6
}