{
  "synth_weight": 0.5049833247957796,
  "retrain_every": 2,
  "depth": 8,
  "learning_rate": 0.005972518511472152,
  "iterations": 349,
  "l2_leaf_reg": 7,
  "seed": 14
}