{
  "synth_weight": 0.7617619906682591,
  "retrain_every": 4,
  "depth": 8,
  "learning_rate": 0.004977738834622531,
  "iterations": 466,
  "l2_leaf_reg": 4,
  "seed": 16
}