{
  "synth_weight": 0.7383425553110506,
  "retrain_every": 10,
  "depth": 8,
  "learning_rate": 0.0045826377365161056,
  "iterations": 430,
  "l2_leaf_reg": 3,
  "seed": 2
}