{
  "synth_weight": 0.6789179915772159,
  "retrain_every": 2,
  "depth": 8,
  "learning_rate": 0.006641396148565795,
  "iterations": 266,
  "l2_leaf_reg": 3,
  "seed": 5
}