{
  "synth_weight": 0.6079271737460793,
  "retrain_every": 6,
  "depth": 8,
  "learning_rate": 0.003996932470399854,
  "iterations": 430,
  "l2_leaf_reg": 3,
  "seed": 7
}