{
  "synth_weight": 0.7260692368732767,
  "retrain_every": 4,
  "depth": 7,
  "learning_rate": 0.005074224705890612,
  "iterations": 403,
  "l2_leaf_reg": 5,
  "seed": 1
}