{
  "synth_weight": 0.6348276993968093,
  "retrain_every": 7,
  "depth": 7,
  "learning_rate": 0.009380624050066816,
  "iterations": 227,
  "l2_leaf_reg": 1,
  "seed": 4
}