{
  "synth_weight": 0.9523759883844156,
  "retrain_every": 10,
  "depth": 8,
  "learning_rate": 0.013769969577102923,
  "iterations": 152,
  "l2_leaf_reg": 10,
  "seed": 16
}