{
  "synth_weight": 0.9944854799104003,
  "retrain_every": 10,
  "depth": 8,
  "learning_rate": 0.012828145400572009,
  "iterations": 154,
  "l2_leaf_reg": 8,
  "seed": 3
}