{
  "synth_weight": 0.8661095283691638,
  "retrain_every": 6,
  "depth": 7,
  "learning_rate": 0.01214648523563855,
  "iterations": 167,
  "l2_leaf_reg": 5,
  "seed": 11
}