{
  "synth_weight": 0.5952691953260313,
  "retrain_every": 1,
  "lgb_n_estimators": 2414,
  "lgb_lr": 0.011476330669504221,
  "lgb_num_leaves": 65,
  "lgb_min_child_samples": 75,
  "lgb_subsample": 0.864003927458159,
  "lgb_colsample": 0.9377709348475157,
  "lgb_reg_alpha": 0.0027214415450407194,
  "lgb_reg_lambda": 0.001927184165989242,
  "seed": 6
}