{
  "synth_weight": 0.9270535830564743,
  "retrain_every": 10,
  "lgb_n_estimators": 431,
  "lgb_lr": 0.010510176548139146,
  "lgb_num_leaves": 16,
  "lgb_min_child_samples": 178,
  "lgb_subsample": 0.6576873251926603,
  "lgb_colsample": 0.6693109603173819,
  "lgb_reg_alpha": 4.2033764928486026e-05,
  "lgb_reg_lambda": 6.492797784597845e-07,
  "seed": 2
}