{
  "synth_weight": 0.9005121815756848,
  "retrain_every": 2,
  "lgb_n_estimators": 514,
  "lgb_lr": 0.02120809941734678,
  "lgb_num_leaves": 34,
  "lgb_min_child_samples": 111,
  "lgb_subsample": 0.7223675662943664,
  "lgb_colsample": 0.7217897436616573,
  "lgb_reg_alpha": 1.0131447203100288e-07,
  "lgb_reg_lambda": 1.7745617855028118e-06,
  "seed": 15
}