{
  "synth_weight": 0.8972796566984504,
  "retrain_every": 6,
  "lgb_n_estimators": 2284,
  "lgb_lr": 0.023852851137618033,
  "lgb_num_leaves": 197,
  "lgb_min_child_samples": 63,
  "lgb_subsample": 0.9330853863082994,
  "lgb_colsample": 0.6444770685482875,
  "lgb_reg_alpha": 6.57081521016518e-08,
  "lgb_reg_lambda": 1.5950649266139704e-06,
  "seed": 4
}