{
  "synth_weight": 0.9900388049489667,
  "retrain_every": 6,
  "lgb_n_estimators": 1826,
  "lgb_lr": 0.011253936875146297,
  "lgb_num_leaves": 31,
  "lgb_min_child_samples": 52,
  "lgb_subsample": 0.9676680626914144,
  "lgb_colsample": 0.9886055996698583,
  "lgb_reg_alpha": 4.036202956167076,
  "lgb_reg_lambda": 3.7976686518743552e-06,
  "seed": 11
}