{
  "synth_weight": 0.5177718836261804,
  "retrain_every": 10,
  "xgb_n_estimators": 418,
  "xgb_lr": 0.057696986736087266,
  "xgb_max_depth": 5,
  "xgb_min_child_weight": 38.305445294938046,
  "xgb_subsample": 0.7183227793588465,
  "xgb_colsample": 0.6370879813707342,
  "xgb_reg_alpha": 1.5098564423461225e-05,
  "xgb_reg_lambda": 5.139977911789464,
  "xgb_gamma": 2.3663274776233925,
  "xgb_max_delta_step": 10,
  "seed": 10
}