{
  "synth_weight": 0.6385053366987546,
  "retrain_every": 6,
  "xgb_n_estimators": 2038,
  "xgb_lr": 0.05383762601560538,
  "xgb_max_depth": 5,
  "xgb_min_child_weight": 7.351112903865027,
  "xgb_subsample": 0.7253099315864238,
  "xgb_colsample": 0.849593366433554,
  "xgb_reg_alpha": 0.32243084345111594,
  "xgb_reg_lambda": 0.00715780574787741,
  "xgb_gamma": 2.718212689424941,
  "xgb_max_delta_step": 0,
  "seed": 4
}